{
"width": 6240, "height": 4160,
"format": "jpg",
"pixelSizeInMM": 0.0514984,
"type":"ptm",
"colorspace":"rgb",
"lights": [-41.571, 182.053, 392.121, 222.760, 41.140, 372.087, 171.257, -166.890, 364.691, 34.347, -238.288, 363.698, -122.437, -205.565, 364.607, -223.545, -99.513, 361.248, -244.857, 62.208, 356.146, -157.685, 195.129, 357.295, -88.428, 282.774, 323.610, 180.763, 197.062, 346.018, 274.595, -112.477, 323.222, 98.037, 119.515, 404.979, 120.810, -271.462, 322.890, -62.218, -281.648, 330.064, -211.222, -186.590, 335.281, -290.298, -37.663, 326.566, -265.557, 150.900, 315.690, 40.069, 341.862, 276.894, 341.616, 38.359, 277.388, 235.171, -263.671, 266.302, 35.862, -332.965, 287.084, -164.026, -277.658, 299.757, 150.704, -48.792, 403.595, -292.136, -141.202, 297.795, -334.820, 69.037, 279.512, -246.769, 255.081, 264.371, -176.660, 372.624, 175.551, 283.285, 296.810, 179.704, 364.315, -175.385, 191.081, 136.064, -363.375, 218.803, -87.144, -358.363, 246.651, -361.316, -57.782, 250.499, -350.551, 167.763, 217.838, 83.480, -169.929, 390.962, -1.653, 451.859, 57.875, 451.038, 4.477, 61.977, 260.500, -346.845, 124.825, 15.029, -411.225, 177.321, -208.050, -333.018, 211.343, -346.283, -177.659, 216.935, -409.427, 39.661, 177.635, -338.095, 267.138, 132.755, -265.972, -241.107, 259.352, -39.564, -186.937, 390.167, -147.891, -131.156, 387.093, -196.492, -17.967, 387.263, -164.855, 105.552, 388.001, 37.874, 219.816, 374.031],
"nplanes": 18,
"quality": 95,
"materials": [
{
 "scale": [0.873381,0.926342,0.948378,0.841692,0.914596,0.941441,0.952489,1.03287,1.0443,1.0116,1.0095,1.09531,1.23104,1.35094,1.3117,1.13126,1.16589,1.08977],
 "bias": [0.0711165,0.0687099,0.0751904,0.524075,0.529475,0.513366,0.517186,0.521951,0.520858,0.700731,0.708464,0.670234,0.528775,0.515504,0.508335,0.659603,0.631624,0.65368] }
]
}
