{
"width": 6240, "height": 4160,
"format": "jpg",
"pixelSizeInMM": 0.0514984,
"type":"hsh",
"colorspace":"rgb",
"lights": [-41.571, 182.053, 392.121, 222.760, 41.140, 372.087, 171.257, -166.890, 364.691, 34.347, -238.288, 363.698, -122.437, -205.565, 364.607, -223.545, -99.513, 361.248, -244.857, 62.208, 356.146, -157.685, 195.129, 357.295, -88.428, 282.774, 323.610, 180.763, 197.062, 346.018, 274.595, -112.477, 323.222, 98.037, 119.515, 404.979, 120.810, -271.462, 322.890, -62.218, -281.648, 330.064, -211.222, -186.590, 335.281, -290.298, -37.663, 326.566, -265.557, 150.900, 315.690, 40.069, 341.862, 276.894, 341.616, 38.359, 277.388, 235.171, -263.671, 266.302, 35.862, -332.965, 287.084, -164.026, -277.658, 299.757, 150.704, -48.792, 403.595, -292.136, -141.202, 297.795, -334.820, 69.037, 279.512, -246.769, 255.081, 264.371, -176.660, 372.624, 175.551, 283.285, 296.810, 179.704, 364.315, -175.385, 191.081, 136.064, -363.375, 218.803, -87.144, -358.363, 246.651, -361.316, -57.782, 250.499, -350.551, 167.763, 217.838, 83.480, -169.929, 390.962, -1.653, 451.859, 57.875, 451.038, 4.477, 61.977, 260.500, -346.845, 124.825, 15.029, -411.225, 177.321, -208.050, -333.018, 211.343, -346.283, -177.659, 216.935, -409.427, 39.661, 177.635, -338.095, 267.138, 132.755, -265.972, -241.107, 259.352, -39.564, -186.937, 390.167, -147.891, -131.156, 387.093, -196.492, -17.967, 387.263, -164.855, 105.552, 388.001, 37.874, 219.816, 374.031],
"nplanes": 27,
"quality": 95,
"materials": [
{
 "scale": [1.65235,1.76671,1.78725,1.14463,1.21772,1.27282,0.96892,1.00587,0.994706,1.25276,1.34641,1.37851,0.684483,0.761022,0.754388,0.541303,0.571503,0.570345,0.612423,0.640341,0.639682,0.499062,0.551402,0.551894,0.620337,0.669657,0.663438],
 "bias": [-0.00519733,-0.0061503,-0.00897721,0.47505,0.483134,0.463684,0.283396,0.270998,0.300604,0.47495,0.478949,0.474298,0.427526,0.442496,0.449168,0.488305,0.500926,0.492403,0.583775,0.573019,0.542868,0.614221,0.617927,0.623915,0.497532,0.503129,0.519547] }
]
}
